{"mAP@.5": 0.6676878262728758, "mAP@.5:.95": 0.35847508376134857, "epoch": 0, "trainer/global_step": 0, "_timestamp": 1663160359.819743, "_runtime": 7.218559980392456, "_step": 0, "_wandb": {"runtime": 5}}