{"mAP@.5": 0.6656667856258908, "mAP@.5:.95": 0.3621599259483269, "epoch": 19, "trainer/global_step": 1119, "_timestamp": 1663749993.3041182, "_runtime": 948.4853401184082, "_step": 19, "_wandb": {"runtime": 964}}