{"train_loss": 0.9956518411636353, "epoch": 19, "trainer/global_step": 1119, "_timestamp": 1663157937.2191844, "_runtime": 954.1085004806519, "_step": 41, "mAP@.5": 0.660396567270518, "mAP@.5:.95": 0.32398653366720415, "_wandb": {"runtime": 953}}