{"mAP@.5": 0.6676878262728758, "mAP@.5:.95": 0.35847508376134857, "epoch": 0, "trainer/global_step": 0, "_timestamp": 1663158714.1726103, "_runtime": 17.461684226989746, "_step": 0, "_wandb": {"runtime": 5}}